{
  "method1_parametric": {
    "E": 1.5608590368289756,
    "A": 275.29556090943294,
    "alpha": 0.33198666540778377,
    "B": 327142.09971383016,
    "beta": 0.653600032721724,
    "R2": 0.9770408442523488,
    "R2_log": 0.9703993584809907
  },
  "method2_isoflop": {
    "kN": 481700000.00009793,
    "aN": -4.720036327411954e-15,
    "r2_N": -1.0,
    "kD": 3.459968168292445e-10,
    "aD": 1.0000000000000029,
    "r2_D": 1.0,
    "alpha_over_beta": 0
  },
  "method3_separable": {
    "E": 1.3600103924584106,
    "A": 71.47703461081265,
    "alpha": 0.24256037037667108,
    "B": 406067.73771219695,
    "beta": 0.6643444286194581,
    "R2": 0.9804641718913982,
    "R2_log": 0.9712818432071945,
    "cv_mean": 0.9795780536559384,
    "cv_std": 0.0023080513378646466
  },
  "best_params": {
    "E": 1.5608590368289756,
    "A": 275.29556090943294,
    "alpha": 0.33198666540778377,
    "B": 327142.09971383016,
    "beta": 0.653600032721724,
    "R2": 0.9770408442523488,
    "R2_log": 0.9703993584809907
  }
}